{
    "camera_position": [
        4.194760553077273,
        275.9483805977288,
        1469.8277242209842
    ],
    "look_at_point": [
        4.194760553077273,
        275.9483805977288,
        0.0
    ],
    "detector_width": 58.0,
    "detector_height": 58.0,
    "delay_mean": 0.0,
    "delay_std": 180.0
}