{
    "camera_position": [
        -3.3027679528397735,
        269.12139619052573,
        1465.793612144341
    ],
    "look_at_point": [
        -3.3027679528397735,
        269.12139619052573,
        0.0
    ],
    "detector_width": 58.0,
    "detector_height": 58.0,
    "delay_mean": 0.0,
    "delay_std": 180.0
}