{
    "camera_position": [
        -2.290880788279215,
        267.83802785121327,
        1471.113172658236
    ],
    "look_at_point": [
        -2.290880788279215,
        267.83802785121327,
        0.0
    ],
    "detector_width": 58.0,
    "detector_height": 58.0,
    "delay_mean": 0.0,
    "delay_std": 180.0
}