{
    "camera_position": [
        -0.037977010670314115,
        267.12294545354035,
        1468.0574675969713
    ],
    "look_at_point": [
        -0.037977010670314115,
        267.12294545354035,
        0.0
    ],
    "detector_width": 58.0,
    "detector_height": 58.0,
    "delay_mean": 0.0,
    "delay_std": 180.0
}