{
    "camera_position": [
        4.181049218860979,
        273.57962734968027,
        1465.9518257762124
    ],
    "look_at_point": [
        4.181049218860979,
        273.57962734968027,
        0.0
    ],
    "detector_width": 58.0,
    "detector_height": 58.0,
    "delay_mean": 0.0,
    "delay_std": 180.0
}