{
    "camera_position": [
        0.5054321841880727,
        256.7837034821908,
        1447.8996161583
    ],
    "look_at_point": [
        0.5054321841880727,
        256.7837034821908,
        0.0
    ],
    "detector_width": 58.0,
    "detector_height": 58.0,
    "delay_mean": 0.0,
    "delay_std": 120.0
}